Sedan,1981,Charcoal,188518
Sedan,1982,Blue,202987
Truck,1980,White,17180
Muscle,1987,Red,50505
Truck,1955,Red,217636
Muscle,1977,Grey,35064
Sedan,1955,Red,151999
Truck,2004,Red,103244
Van,1994,Blue,228388
Muscle,1956,Black,231196
Van,1984,Charcoal,15434
Van,1953,Black,228546
Muscle,2018,Charcoal,122541
Sedan,1950,Red,152295
Sedan,1963,White,175015
Muscle,1995,Black,191078
Muscle,1969,Black,25659
Truck,1981,Black,192615
Sedan,1990,Blue,156932
Sedan,1996,Red,69732
Van,1978,Red,40283
Van,2009,Red,132779
Truck,1963,White,31743
Muscle,1962,Red,208808
Truck,1977,Blue,195404
Sedan,1983,Black,220362
Muscle,2018,Red,8858
Muscle,2010,Charcoal,209227
Muscle,1961,Red,217219
Truck,1964,Black,102995
Sedan,1963,Red,164821
Muscle,2003,Red,84793
Van,1979,Grey,246185
Truck,2004,Grey,239024
Sedan,1991,Charcoal,180379
Truck,1958,Red,208487
Truck,1978,Blue,125349
Sedan,2009,Red,160698
Muscle,2021,Charcoal,211338
Truck,1972,Grey,173804
Muscle,1964,Charcoal,134983
Van,2017,Blue,214899
Van,1957,Red,18208
Muscle,1979,Charcoal,196129
Sedan,2004,Grey,48493
Sedan,1962,Black,156413
Muscle,1960,Black,229641
Van,1964,Charcoal,179148
Van,1968,Blue,134629
Sedan,1979,Grey,218738
Sedan,1958,Red,114655
Truck,2013,White,71304
Sedan,1993,White,230975
Muscle,1988,Grey,37430
Van,1976,Grey,238643
Sedan,2017,Black,137286
Truck,1951,Black,13736
Muscle,1969,Blue,50991
Muscle,1993,Blue,128184
Sedan,2015,White,19562
Truck,2001,Blue,88805
Muscle,2015,Grey,4297
Muscle,1958,Red,69627
Van,1974,Red,214951
Sedan,2002,Red,29129
Sedan,1990,Blue,179555
Sedan,2001,White,166474
Van,1981,Red,91226
Muscle,2016,Blue,233357
Truck,1982,Blue,229816
Sedan,1986,Red,30553
Sedan,1954,Charcoal,68769
Truck,1960,Grey,230780
Sedan,2000,Black,240011
Sedan,2004,Charcoal,231971
Sedan,1981,Charcoal,92254
Van,1972,Blue,57558
Van,1953,Black,140536
Sedan,1976,Black,132867
Sedan,1958,Red,17375
Sedan,2018,White,79238
Muscle,1966,Black,98372
Muscle,1981,White,229946
Muscle,2001,White,37614
Van,1983,Blue,134561
Sedan,1961,Red,10745
Sedan,1996,Charcoal,130807
Muscle,2010,Red,26039
Truck,2022,Charcoal,125558
Truck,2005,Red,226327
Sedan,1976,Red,39054
Truck,2014,Blue,167152
Truck,2021,White,178933
Truck,2009,Grey,118970
Van,1951,Blue,123205
Sedan,2022,Blue,3774
Sedan,1958,Grey,3738
Van,1963,Blue,138986
Muscle,2008,Blue,144385
Muscle,2004,Charcoal,23961
Muscle,1975,Red,70335
Truck,1958,Red,216963
Van,2008,Red,217803
Sedan,1966,Charcoal,162967
Sedan,2021,White,235647
Truck,1957,White,145121
Muscle,1993,Grey,83028
Sedan,2001,Blue,95246
Truck,2020,Red,189701
Truck,1997,White,61204
Sedan,1950,Charcoal,8049
Truck,1998,Red,191490
Muscle,1971,Blue,98456
Muscle,1994,Blue,159914
Muscle,1986,Red,202122
Muscle,1991,Grey,15702
Sedan,1983,White,67923
Van,1983,Black,6886
Truck,2001,Grey,112412
Muscle,2011,Red,237322
Muscle,1965,Red,54572
Muscle,1963,Red,80197
Truck,1993,Charcoal,229415
Sedan,1996,Black,83374
Sedan,1966,White,97031
Sedan,1953,Grey,164418
Sedan,2002,Blue,26183
Van,2011,Red,205669
Truck,1955,Red,244069
Sedan,2019,Grey,222202
Sedan,1959,Black,156321
Truck,2015,Red,88032
Van,1967,White,53874
Truck,2005,Red,118413
Truck,1981,Blue,35787
Van,2002,White,118581
Sedan,1970,Black,39618
Sedan,1959,Grey,71797
Sedan,1979,White,183474
Sedan,1992,Red,202037
Muscle,1958,Black,186306
Muscle,1975,White,209184
Sedan,2014,White,195583
Sedan,1955,White,37074
Sedan,1986,Blue,163922
Sedan,2001,Red,97238
Muscle,1956,Red,228787
Sedan,2018,Red,183712
Muscle,1982,Blue,111860
Van,2009,Grey,126739
Muscle,1966,Charcoal,117178
Sedan,1954,Black,45745
Sedan,1954,Blue,119644
Sedan,1984,White,124409
Truck,1998,White,248010
Truck,1971,Charcoal,143210
Muscle,1969,Red,28937
Muscle,1986,Blue,67274
Muscle,1968,Charcoal,71228
Truck,1984,Red,49895
Van,2003,Charcoal,181841
Truck,1961,Charcoal,24566
Sedan,1966,Red,117783
Sedan,1967,Charcoal,120884
Sedan,2019,White,240483
Sedan,1981,White,202167
Van,1973,Black,151745
Sedan,1957,Black,135147
Sedan,1987,Charcoal,202893
Sedan,2020,Red,214584
Sedan,1981,Red,81194
Truck,1967,White,228157
Truck,1968,Red,240172
Van,2013,Red,209474
Sedan,1982,Red,2909
Truck,1987,Red,239564
Sedan,2017,Red,229940
Sedan,1964,Charcoal,219698
Muscle,2003,Blue,5838
Sedan,1975,White,100888
Truck,1991,Black,111089
Sedan,1965,White,117920
Truck,1999,Red,108367
Van,2008,Blue,138269
Sedan,1978,White,184808
Sedan,1973,Charcoal,48747
Sedan,2018,Grey,204370
Truck,1972,White,165243
Van,1986,Black,236910
Truck,2022,Red,213398
Truck,2003,Blue,143047
Truck,2011,Grey,240565
Muscle,2018,Black,106441
Sedan,1956,Red,131922
Sedan,2013,Red,67563
Muscle,2001,Red,216066
Van,2002,Red,75583
Truck,1972,Charcoal,7955
Muscle,2009,Grey,137459
Sedan,1997,Red,199553
Van,1958,Grey,205839
Sedan,1953,White,71008
Sedan,1980,Red,9867
Truck,1996,Charcoal,57744
Sedan,2019,Red,245513
Van,1974,Grey,21298
Truck,2007,Red,204504
Sedan,1952,Grey,84250
Sedan,1961,Red,233480
Sedan,1967,Red,202124
Sedan,2004,Red,227462
Muscle,1976,White,207581
Van,1973,Blue,174240
Truck,1966,Blue,124774
Sedan,1986,Blue,78781
Sedan,1985,Grey,114211
Sedan,1984,Blue,159261
Van,1961,Red,220975
Truck,2010,Red,18817
Truck,1979,Blue,161663
Truck,2016,White,59621
Truck,1960,Charcoal,197878
Sedan,1983,Red,218392
Truck,1976,Black,206647
Van,1969,Red,164924
Sedan,2022,White,120591
Van,1959,White,167744
Sedan,2006,Charcoal,223228
Van,1989,Red,143515
Truck,1996,Black,97237
Sedan,1996,Black,219252
Van,1968,White,86042
Van,1984,Black,198986
Muscle,1953,Blue,191570
Muscle,1998,Blue,138960
Muscle,1990,White,143538
Sedan,2010,White,47961
Sedan,1963,Red,188109
Truck,1995,Red,41890
Truck,1996,Grey,206275
Sedan,2022,Charcoal,94178
Van,1982,Red,84828
Van,1963,Blue,86138
Van,1994,Blue,75245
Van,1989,Red,173860
Truck,1955,Grey,188375
Muscle,2020,White,50762
Sedan,2006,Red,235240
Muscle,1955,Charcoal,247371
Sedan,1961,Blue,186836
Truck,2003,Red,172464
Sedan,1996,Red,88261
Sedan,1954,White,162161
Muscle,1986,Red,75034
Van,2012,Red,116053
Sedan,2015,Charcoal,101960
Sedan,2020,Charcoal,112006
Muscle,1960,Grey,57370
Muscle,1973,White,203700
Truck,1983,White,248126
Sedan,1971,Red,167534
Sedan,2009,Red,53200
Muscle,2016,White,27986
Truck,1989,White,106210
Sedan,2019,Black,3034
Sedan,2012,Charcoal,179753
Sedan,2020,Charcoal,73733
Van,1989,White,6882
Muscle,1996,Black,194562
Truck,1966,Black,87590
Sedan,1974,Red,223627
Muscle,1968,Blue,90638
Sedan,1981,Black,214336
Sedan,2019,Blue,23597
Sedan,2015,Grey,22634
Van,2003,Red,156436
Sedan,1976,Blue,246414
Muscle,1991,Black,246522
Sedan,1970,Red,76194
Truck,1984,Blue,175379
Van,1976,Charcoal,198666
Sedan,1964,Red,170050
Sedan,1958,Red,207218
Van,1974,Red,94431
Sedan,1956,White,36033
Muscle,1979,White,108412
Muscle,1986,Red,246861
Sedan,1999,White,55178
Van,1952,Red,60075
Sedan,2006,White,249540
Sedan,1954,Charcoal,84096
Muscle,1974,Red,152619
Muscle,1998,Charcoal,9811
Truck,1974,White,230759
Sedan,1960,Red,99066
Sedan,2005,Black,109007
Sedan,2011,White,108845
Sedan,1997,Charcoal,192017
Truck,1996,White,105235
Van,2020,White,237723
Sedan,1962,Black,183779
Truck,1998,Blue,181651
Van,2017,Charcoal,175318
Muscle,2003,Red,72188
Van,1996,Red,228922
Sedan,1975,Red,39699
Sedan,1984,Black,226012
Sedan,1985,Black,34814
Van,1969,Charcoal,42281
Truck,1960,Black,133748
Muscle,1987,Blue,236503
Van,1990,Black,21004
Sedan,1952,White,57845
Truck,2017,Charcoal,72317
Muscle,1979,Black,225773
Sedan,1959,Red,23174
Sedan,2001,Black,249159
Van,1957,Grey,20785
Truck,1955,Red,113690
Sedan,1978,Grey,169829
Sedan,1958,White,229180
Truck,1956,Charcoal,244855
Muscle,1963,Charcoal,90888
Sedan,1986,Grey,54668
Sedan,1962,Red,171435
Muscle,2009,Blue,6559
Truck,1966,Red,122438
Truck,2012,Black,230737
Muscle,1980,Black,177451
Sedan,2005,Charcoal,187800
Sedan,1987,Red,210308
Van,2022,Red,244612
Sedan,1972,Red,215492
Muscle,1951,Black,16430
Muscle,1955,Charcoal,39606
Van,2009,Blue,85628
Van,1953,White,5570
Van,2005,Red,19880
Van,1971,Red,133623
Muscle,1993,Charcoal,175144
Sedan,1955,Red,225755
Muscle,2009,Charcoal,81310
Truck,1996,Blue,142654
Van,1963,Red,20846
Sedan,1961,Black,164771
Sedan,2001,White,223314
Van,1954,Black,141616
Sedan,2020,Red,161091
Muscle,1966,Red,195875
Van,2000,Red,244157
Muscle,1983,Red,61452
Sedan,1959,Black,24293
Truck,1993,White,197039
Van,1973,Red,81551
Sedan,2010,Blue,129322
Muscle,1995,White,78339
Truck,1962,White,42407
Truck,2019,Blue,28973
Muscle,1983,Red,192588
Truck,1982,Black,145055
Sedan,2012,Red,40047
Truck,2011,Charcoal,179519
Sedan,2018,Red,51584
Van,1990,Black,4703
Van,1951,Black,190994
Sedan,1963,Grey,222297
Sedan,1953,Charcoal,176175
Muscle,1964,White,165518
Muscle,1967,Grey,144580
Sedan,2002,Grey,216364
Sedan,1984,White,181109
Sedan,2015,Black,173293
Sedan,2016,Black,225049
Van,1966,White,217195
Truck,1988,Grey,185154
Sedan,1998,White,85987
Muscle,1973,Red,154472
Sedan,1996,Red,130698
Sedan,1993,Red,179025
Truck,1954,Black,238388
Truck,1986,Grey,96935
Truck,1959,Red,169760
Van,1996,Black,27103
Truck,1981,Grey,171805
Muscle,1991,Charcoal,149035
Muscle,1997,White,38342
Muscle,1977,Grey,227937
Van,2017,Black,103802
Truck,2010,Red,151648
Sedan,1991,Red,218103
Sedan,1989,Charcoal,58544
Sedan,2009,White,62973
Sedan,1975,Red,197995
Van,2001,Grey,232570
Van,2008,Blue,227487
Van,1980,Red,63752
Sedan,1975,Grey,212998
Van,1982,Black,13846
Sedan,2009,Red,161750
Sedan,1987,Red,196268
Sedan,1952,Grey,228918
Muscle,1973,White,246853
Sedan,2017,Red,52404
Muscle,1968,Charcoal,6231
Sedan,1968,Red,232290
Muscle,1997,Blue,66119
Van,2016,Blue,34051
Truck,1987,White,39865
Truck,1988,Red,207143
Van,1991,Grey,230103
Truck,1984,Grey,123068
Van,2019,Black,178874
Muscle,1950,Red,249508
Van,1965,Charcoal,148055
Truck,2004,Red,39638
Sedan,1967,Black,140452
Sedan,2008,Grey,128217
Sedan,1969,Grey,134419
Truck,1987,Red,38562
Sedan,1961,Red,17328
Muscle,1961,Blue,166994
Sedan,1994,Black,15777
Muscle,1988,Black,123874
Sedan,2016,Blue,232853
Truck,2022,Grey,72824
Van,1982,Red,215327
Van,1982,Grey,22230
Truck,1960,Red,36122
Van,1979,Red,85630
Sedan,1978,Black,189902
Muscle,2018,Red,40098
Muscle,1969,Blue,162142
Muscle,1983,Charcoal,74216
Van,1957,Red,94529
Muscle,1973,White,179733
Sedan,1990,Red,32034
Truck,2015,Red,203522
Sedan,2018,Red,49527
Truck,1984,Grey,138934
Truck,1979,Charcoal,118270
Sedan,1967,Red,48147
Truck,1954,White,135144
Van,1967,Red,69606
Sedan,1983,Grey,99962
Truck,2006,Black,27178
Van,1995,Red,238729
Muscle,1953,Red,220094
Truck,2017,Blue,183177
Sedan,2008,Grey,35301
Truck,1973,White,129453
Sedan,1960,Black,86317
Van,1996,Black,211295
Truck,2022,White,145195
Truck,1959,Blue,135555
Sedan,2014,Grey,196687
Sedan,1978,Red,190413
Van,2014,White,6228
Truck,1978,White,49143
Van,2009,Red,155819
Truck,1955,Black,104776
Van,1978,White,64432
Van,1950,Red,133518
Sedan,1996,Red,72026
Truck,2018,Black,147259
Truck,2000,Red,228773
Muscle,1956,Black,108051
Van,1956,Black,243610
Truck,2005,Blue,239878
Sedan,2019,Red,108703
Sedan,1991,Black,235591
Truck,2002,Red,228934
Sedan,1961,Charcoal,219347
Van,1979,Grey,198009
Sedan,1982,Blue,137411
Muscle,1979,White,175289
Sedan,2001,Black,62669
Sedan,1979,White,129947
Truck,2015,Blue,210701
Truck,2020,Blue,31549
Muscle,1970,Red,27773
Sedan,2005,Red,128666
Muscle,2021,Blue,23592
Muscle,1983,Red,19612
Truck,1964,Red,84182
Muscle,2022,Blue,31919
Truck,1969,Charcoal,62724
Muscle,1986,White,239634
Muscle,1990,Black,8724
Sedan,1951,Red,10066
Van,1956,Charcoal,208348
Muscle,1970,Black,34050
Sedan,1975,Black,21284
Sedan,1992,Grey,106365
Sedan,1997,Grey,61976
Sedan,2007,Red,235382
Muscle,2015,Red,85591
Sedan,1963,Red,223552
Sedan,2008,Black,1559
Sedan,1982,Black,172843
Muscle,2014,Red,47
Muscle,2014,Charcoal,181710
Muscle,1996,Charcoal,89212
Van,1957,Red,62721
Truck,2009,Charcoal,153592
Sedan,1978,Red,222423
Sedan,2005,Charcoal,206476
Sedan,1988,Charcoal,157559
Van,1957,Red,71614
Truck,1957,Charcoal,84231
Muscle,1982,White,42116
Sedan,1955,Grey,29122
Sedan,1987,Grey,126890
Sedan,1990,Grey,24361
Sedan,1976,Charcoal,57465
Sedan,2018,Red,110151
Muscle,1968,Red,40571
Sedan,1999,Grey,161750
Van,1971,Charcoal,54298
Truck,1992,Grey,119908
Muscle,1976,Blue,48210
Sedan,1979,White,16365
Truck,1972,Red,220253
Muscle,2009,Charcoal,248511
Muscle,2017,White,105816
Truck,1975,Grey,119803
Van,1950,Grey,26786
Sedan,2014,White,225056
Truck,1982,White,10962
Van,1991,Grey,72185
Truck,1968,Black,104668
Truck,1974,White,144529
Truck,2020,Red,63923
Sedan,1985,Charcoal,170333
Sedan,2010,Grey,222020
Muscle,2017,Blue,178507
Sedan,1990,Red,143857
Truck,1951,Charcoal,232249
Truck,2005,Red,239887
Muscle,1963,Red,44649
Truck,1979,Blue,75020
Sedan,1996,Black,242864
Muscle,1985,White,170349
Sedan,1954,Charcoal,109972
Van,1970,Charcoal,158028
Sedan,2009,Black,196098
Sedan,1993,Red,212178
Muscle,1971,White,2925
Van,2004,Red,241151
Muscle,1974,Red,8187
Van,1992,Black,139023
Muscle,2009,Blue,109239
Truck,1984,Blue,206649
Sedan,2020,Blue,127317
Van,1956,Red,165145
Sedan,2011,White,76579
Truck,1989,Red,247147
Van,1957,Black,214537
Muscle,1960,Grey,163686
Truck,1955,Red,202977
Truck,2008,White,57051
Van,1997,Blue,20966
Truck,2016,White,112474
Sedan,1986,Red,84056
Truck,1958,Charcoal,63997
Truck,2012,Grey,86281
Sedan,1983,Red,142373
Truck,1980,Red,144046
Van,2003,Grey,75346
Sedan,1993,Grey,133510
Van,2022,Blue,63171
Sedan,2018,Red,175582
Truck,1992,Blue,214715
Truck,1977,Red,35095
Sedan,1962,White,242002
Muscle,2005,Grey,13301
Van,1997,White,23545
Van,2011,Red,225257
Sedan,2008,Charcoal,209314
Sedan,1987,Charcoal,216219
Truck,1963,White,102711
Truck,1959,Red,183646
Van,1996,Red,117370
Truck,1964,Grey,133902
Muscle,1966,Grey,169172
Muscle,1993,White,115280
Sedan,2000,Grey,176292
Truck,1974,Red,231425
Van,2003,Charcoal,152657
Sedan,1978,White,201775
Truck,1984,Black,192644
Sedan,1960,Red,48117
Van,1959,Red,207390
Sedan,1983,Grey,48857
Van,2006,Charcoal,85550
Van,1983,Red,165105
Van,1983,Black,13860
Truck,1982,Black,205178
Truck,1981,Charcoal,5358
Sedan,1999,Grey,56631
Van,2016,Charcoal,245618
Sedan,2011,Blue,127400
Sedan,2001,Red,179835
Sedan,1979,Blue,200174
Van,2021,Charcoal,76129
Van,1965,Blue,216588
Van,1983,Charcoal,112908
Muscle,1962,White,70350
Muscle,1955,Black,100647
Truck,1995,Red,50883
Truck,1953,Red,10938
Sedan,2013,Red,141609
Van,1994,Charcoal,48144
Van,1954,White,189458
Sedan,1952,Grey,61541
Truck,1963,Blue,24712
Van,1993,Grey,158264
Sedan,1959,Blue,172779
Van,1994,Black,189938
Sedan,2006,Blue,112008
Sedan,2012,Charcoal,98327
Van,2007,Charcoal,94138
Sedan,2007,Black,167855
Muscle,1989,Grey,106489
Truck,1986,Red,45366
Truck,1969,White,117489
Truck,1970,Blue,199950
Sedan,1983,Red,59645
Sedan,1966,Red,58207
Sedan,1950,Black,66562
Van,1971,Black,112791
Sedan,2000,Blue,43097
Truck,2005,Red,114584
Sedan,2020,Black,210274
Truck,2013,Grey,21363
Van,1963,Grey,79029
Truck,1965,Charcoal,188295
Muscle,2000,Charcoal,119426
Van,1964,Blue,98124
Sedan,1980,Charcoal,204402
Van,1985,Charcoal,241399
Truck,2015,White,219687
Sedan,1980,Red,69590
Van,2014,Red,43959
Muscle,1995,Grey,6449
Van,2016,Charcoal,165871
Sedan,1986,Black,65464
Van,1992,Grey,17024
Van,1969,Grey,183763
Muscle,1976,Blue,162503
Sedan,1991,Black,195308
Sedan,1962,Red,53079
Sedan,1952,Blue,178743
Van,2020,Black,105667
Sedan,1966,Grey,227743
Truck,1972,Red,191146
Sedan,2015,Grey,4217
Sedan,1984,Red,171153
Van,1978,Charcoal,247204
Muscle,1989,Blue,187939
Van,1995,Blue,222838
Van,1998,Red,223889
Sedan,1962,White,163214
Sedan,1977,Grey,9822
Muscle,1964,White,54509
Sedan,1994,Grey,173656
Van,1966,Blue,197218
Muscle,2017,Blue,83547
Van,1962,Red,23852
Van,2014,Black,152104
Sedan,1954,Red,221941
Sedan,2005,Charcoal,180781
Sedan,1965,Red,22716
Sedan,1956,Black,136046
Sedan,2021,Blue,78291
Muscle,1975,Charcoal,61428
Truck,1975,Black,162725
Muscle,1974,Grey,142049
Truck,2011,Blue,244799
Van,1992,White,734
Sedan,1992,Red,42862
Sedan,1954,Charcoal,117309
Sedan,1989,Black,234603
Muscle,1951,Grey,75182
Sedan,1964,Grey,57094
Muscle,2000,Black,151816
Muscle,1970,Black,94962
Van,1963,Black,82182
Muscle,1967,Charcoal,117036
Sedan,2005,Charcoal,136812
Van,1988,Red,134320
Van,1987,Blue,218539
Sedan,2020,White,164655
Van,2011,Black,244531
Van,2009,Black,1901
Sedan,1984,Charcoal,142721
Sedan,1968,Grey,100011
Muscle,2014,Black,104235
Muscle,1965,Black,244842
Van,1968,Black,45913
Truck,1956,White,249039
Muscle,1983,Grey,49536
Sedan,1996,Grey,217876
Truck,1994,Red,106852
Sedan,2022,Charcoal,246367
Van,1971,Red,62004
Sedan,2006,Blue,220539
Sedan,1973,Blue,205464
Muscle,1985,Blue,208178
Sedan,2008,Black,36071
Van,2022,Blue,236932
Sedan,2009,Red,20281
Van,1990,Black,70105
Sedan,2016,White,240219
Truck,2001,Red,153004
Truck,1977,Charcoal,134650
Sedan,1956,Black,215173
Sedan,2007,Red,99457
Truck,2010,Red,76392
Muscle,1986,Red,26733
Truck,1977,Red,16769
Truck,2019,Black,174090
Sedan,1993,Red,133788
Van,2017,Charcoal,68288
Truck,1991,White,171664
Sedan,1970,Charcoal,209775
Sedan,1993,Red,120851
Van,1999,Charcoal,157254
Truck,1962,Blue,198064
Sedan,1974,Black,133867
Sedan,1952,Black,129654
Muscle,2013,Black,109107
Sedan,1982,White,223702
Van,1998,Blue,123051
Muscle,1973,Grey,28672
Van,1987,Black,182020
Truck,1952,Black,188976
Sedan,1975,Grey,117269
Muscle,2011,Red,170312
Truck,1959,Black,110805
Sedan,1969,Red,90115
Muscle,1993,White,154933
Van,2021,Red,200977
Muscle,1968,Red,24642
Truck,2013,Grey,137392
Truck,1992,Blue,154421
Truck,1988,Red,98670
Truck,2005,Red,123607
Van,1966,Black,203376
Van,1962,Blue,16876
Truck,1955,Charcoal,63142
Sedan,1970,White,238974
Truck,1954,Blue,186216
Muscle,1958,Charcoal,175281
Sedan,1951,Black,133574
Sedan,1959,White,152322
Truck,2011,Black,162975
Sedan,1956,Blue,214826
Sedan,1983,Charcoal,158796
Truck,1990,Red,48419
Sedan,1974,Blue,207992
Truck,2022,White,189572
Truck,1995,Red,245053
Muscle,1980,Charcoal,226899
Truck,1954,Blue,1289
Muscle,1973,Red,10394
Sedan,1978,White,56305
Sedan,1962,Blue,197733
Truck,2015,White,102019
Truck,2007,Grey,29218
Van,1964,Blue,92065
Truck,1976,White,35482
Muscle,1986,Grey,11947
Van,2013,Red,194546
Truck,2020,Black,67778
Sedan,1970,Red,117339
Sedan,2015,Grey,153975
Truck,1999,Grey,153270
Truck,1997,White,22740
Muscle,1969,Blue,119968
Muscle,2019,Blue,140702
Muscle,2009,Charcoal,173778
Truck,1995,Red,30552
Sedan,1960,Charcoal,150125
Sedan,2022,White,208031
Sedan,1987,Grey,15342
Van,1999,Grey,137122
Sedan,1966,Charcoal,134066
Van,1964,Grey,188801
Truck,1998,Grey,118802
Sedan,2022,Blue,151191
Muscle,1989,Red,90756
Truck,1973,Charcoal,151474
Muscle,1971,Grey,243539
Truck,1995,Red,162416
Truck,1995,Blue,163850
Sedan,1952,Black,78850
Van,2011,Grey,175727
Muscle,2022,Black,161977
Van,1980,Black,37479
Sedan,1996,Red,211826
Sedan,2012,Grey,132891
Truck,2011,Charcoal,140733
Van,2014,Red,110815
Sedan,1985,Charcoal,183189
Van,1990,Red,239738
Van,1965,Black,39908
Truck,1999,Black,56430
Van,1997,Red,66459
Truck,2006,Charcoal,200286
Truck,1950,Grey,179329
Muscle,1983,Charcoal,137440
Sedan,1977,Charcoal,214756
Van,2009,Black,41280
Muscle,1979,Red,38188
Sedan,1976,Charcoal,158442
Van,2005,White,14719
Truck,1993,White,51897
Van,2017,Black,13355
Muscle,1955,Charcoal,175237
Van,1960,White,180458
Sedan,2005,Red,44740
Sedan,1978,Grey,30224
Muscle,1950,Red,88346
Muscle,2014,White,212544
Sedan,1963,Black,63119
Truck,1983,Black,131099
Muscle,1964,Red,245311
Sedan,2005,Black,147042
Muscle,1965,Charcoal,159627
Muscle,1959,Black,166119
Truck,1966,Grey,176786
Sedan,1999,White,219580
Van,1984,Red,120996
Sedan,2005,Blue,211727
Sedan,2010,Red,91419
Muscle,1958,Red,69460
Van,1982,Charcoal,14253
Sedan,1955,Charcoal,91667
Truck,1995,Red,4519
Sedan,2012,Red,108805
Muscle,1979,Red,179155
Truck,2001,Blue,125533
Van,1982,Black,125521
Muscle,1982,Grey,181744
Truck,1972,Blue,41919
Van,2002,Grey,229845
Truck,2014,Grey,129225
Van,2015,Red,138643
Sedan,1951,White,125238
Muscle,1995,Blue,246677
Van,1972,Red,185842
Sedan,1963,Grey,200367
Van,1983,Blue,129591
Sedan,1982,Charcoal,124810
Van,1962,Red,124813
Muscle,2018,Red,237588
Truck,1951,White,210833
Sedan,1968,White,78435
Truck,2012,Red,107427
Sedan,2019,Black,90122
Truck,2021,Red,79086
Sedan,1998,White,98391
Van,2000,White,183225
Sedan,2015,White,51319
Muscle,1971,Charcoal,43906
Sedan,2018,Blue,190940
Truck,1991,Blue,105194
Muscle,2010,Red,142482
Muscle,1961,Blue,130750
Sedan,1953,Grey,219084
Muscle,1997,Red,28748
Van,2014,Black,52324
Sedan,1951,Blue,143730
Muscle,1961,Blue,221424
Sedan,2011,Black,219498
Truck,2013,Red,116475
Sedan,1987,Grey,49645
Truck,1967,Blue,83547
Truck,1967,Blue,144816
Sedan,2014,Red,212014
Van,2000,Red,58321
Sedan,1959,Black,186967
Muscle,1973,White,74180
Muscle,2016,White,192051
Muscle,1961,Red,24223
Sedan,1992,Red,160592
Truck,1961,Black,63318
Muscle,1992,White,235344
Truck,1995,White,44367
Muscle,2013,Red,109738
Muscle,1976,White,197130
Van,1993,Blue,235952
Van,1972,Black,127514
Muscle,1971,Black,197680
Van,1958,White,216406
Sedan,1992,Blue,107934
Sedan,1999,Black,59660
Muscle,1974,Blue,204740
Van,2005,Red,153337
Truck,1992,Red,130079
Sedan,1959,Grey,90806
Sedan,2002,Blue,189917
Sedan,2002,White,100800
Sedan,2008,Black,205685
Muscle,1954,Grey,68028
Sedan,2019,Red,130054
Muscle,2006,Grey,240452
Van,1961,Red,162365
Sedan,2004,White,139825
Truck,2021,Red,161546
Sedan,1998,Red,4595
Sedan,1954,Red,216901
Sedan,1996,Black,156767
Sedan,1968,Charcoal,49584
Sedan,1972,Charcoal,246842
Muscle,2019,White,230138
Truck,1992,Charcoal,143419
Van,2009,Blue,9941
Sedan,1950,Blue,46567
Muscle,1953,Grey,126907
Muscle,1972,Black,216570
Truck,2016,Charcoal,8298
Sedan,1985,Red,22145
Muscle,2021,Grey,105999
Muscle,2016,White,74736
Muscle,1994,Red,162103
Truck,2012,Blue,27982
Truck,1982,Red,15168
Van,1997,White,183963
Muscle,2015,Charcoal,119977
Truck,1976,Red,110331
Muscle,2016,Black,16182
Sedan,1996,Grey,34912
Muscle,2006,White,43652
Sedan,1963,Red,96901
Sedan,1972,White,164906
Truck,2016,White,96234
Sedan,2019,Red,67455
Sedan,2014,Red,195252
Truck,1996,Black,31429
Truck,1978,Black,89244
Sedan,1975,Blue,110323
Van,2021,Grey,224985
Muscle,2005,Blue,235225
Van,1963,Charcoal,208865
Muscle,1973,Red,165366
Muscle,1962,Charcoal,108707
Sedan,2020,White,20358
Sedan,2008,Red,165879
Muscle,2006,Blue,191959
Muscle,1995,Red,246804
Sedan,2009,White,245724
Sedan,2006,White,175461
Muscle,2003,Red,235385
Sedan,2022,Red,150990
Van,2000,White,165330
Sedan,1955,Black,16994
Sedan,1954,Black,149005
Truck,1984,Grey,211645
Muscle,1996,Charcoal,123618
Sedan,2021,Blue,40188
Sedan,1988,White,43977
Muscle,1988,Black,223953
Truck,2015,Blue,40821
Sedan,2006,White,242475
Muscle,1953,Grey,91504
Truck,2005,Black,47815
Truck,2010,Black,63361
Truck,2016,Blue,42700
Muscle,1966,Charcoal,52634
Truck,1975,White,26561
Muscle,1981,Red,4289
Sedan,2016,Grey,126099
Truck,1954,Red,160588
Van,2000,Charcoal,39449
Sedan,1962,White,198759
Sedan,2006,Red,235569
Sedan,1959,Red,230628
Sedan,1995,Grey,62947
Van,1999,Grey,149545
Sedan,1965,Black,34220
Muscle,2000,Grey,122474
Truck,2009,Charcoal,115817
Muscle,1984,Charcoal,87593
Sedan,1967,Charcoal,164223
Sedan,1979,Blue,180247
Sedan,2000,Grey,212970
Muscle,1996,White,72619
Van,2000,Black,126945
Truck,2017,Red,24960
Sedan,1997,Red,203130
Truck,2000,Red,8737
Muscle,1958,White,109371
Truck,1963,White,74544
Van,2004,Charcoal,115271
Van,1960,White,200134
Muscle,1985,Red,131819
Truck,1982,Red,166416
Sedan,1992,White,138851
Van,1980,Red,71778
Sedan,1975,Red,141940
Muscle,1956,Black,157580
Sedan,2011,Red,112831
Sedan,1981,Grey,180170
Sedan,2012,Blue,180007
Van,1967,Blue,127277
Sedan,2016,Red,148492
Truck,1984,White,139133
Truck,1958,Red,240501
Truck,2019,Charcoal,57166
Van,1960,Red,11026
Muscle,2012,Red,85637
Sedan,1988,White,204972
Truck,1982,Red,114044
Sedan,1969,Grey,134931
Muscle,2007,Charcoal,60670
Van,1973,Charcoal,221205
Sedan,2003,White,160111
Sedan,1979,Red,148184
Truck,2022,White,180142
Muscle,1966,White,153662
Muscle,1978,Black,115770
Muscle,1966,Blue,30212
Sedan,1994,Red,220829
Muscle,1967,Red,230216
Van,2003,Black,49964
Van,2003,Grey,28643
Truck,2010,Red,246359
Van,1988,Red,10185
Muscle,1950,Grey,123059
Sedan,1962,Blue,209855
Van,2010,Charcoal,148236
Truck,1984,Red,48637
Muscle,1958,Blue,7257
Van,1991,Black,18306
Muscle,1976,Black,226899
Van,2011,White,131998
Muscle,1975,Black,159558
Sedan,1980,Blue,219660
Van,2002,Grey,187826
Sedan,1957,Charcoal,209945
Truck,1991,Red,72252
Sedan,2018,Red,102697
Sedan,1974,Black,177675
Truck,2007,Charcoal,148584
Truck,1983,Charcoal,125955
Truck,1991,Charcoal,65016
Muscle,2004,Blue,235462
Van,1960,Red,179924
Sedan,1969,Blue,170182
Sedan,2018,White,207521
Sedan,1968,Red,33778
Van,2001,Blue,172633
Muscle,1983,Charcoal,206465
Muscle,1959,White,62706
Sedan,2007,Red,35052
Truck,1965,Red,99093
Muscle,1955,Grey,48998
Van,1983,Red,81718
Van,1998,Blue,187840
Sedan,1984,Charcoal,73728
Sedan,2013,Charcoal,87834
Van,1980,White,5216
Truck,1984,Red,38170
Muscle,1985,Grey,87640
Muscle,1956,White,29611
Van,1967,Red,243019
Van,2004,White,130907
Van,1991,White,64521
Van,1965,Black,240826
Sedan,1995,Blue,137538
Truck,2015,Red,76175
Muscle,2009,Red,112855
Truck,1966,Grey,68638
Sedan,1952,White,236005
Muscle,2019,Charcoal,155804
Muscle,1977,Charcoal,99419
Truck,2011,White,14220
Van,1964,Blue,196480
Muscle,1983,Red,94829
Van,1967,Charcoal,169059
Sedan,1970,Grey,133644
Muscle,1961,White,202661
Truck,1963,Red,123011
Sedan,2004,Charcoal,85766
Muscle,1951,Grey,41305
Muscle,1986,Grey,12470
Van,1954,Red,201417
Muscle,1994,Charcoal,20035
Sedan,1956,Red,140887
Van,1965,Red,15436
Sedan,2017,Red,39024
Sedan,2004,Red,157519
Muscle,1971,White,208870
Sedan,1996,White,173865
Van,1982,Black,24367
Van,1988,Black,3963
Van,1951,Black,205565
Van,1956,Charcoal,222797
Truck,2013,Blue,197229
Sedan,2010,Blue,11437
Truck,1951,Black,188703
Van,1992,White,3756
Sedan,2017,Red,135367
Sedan,1991,Blue,150850
Sedan,1998,Black,204554
Sedan,1963,White,57285
Van,1997,Charcoal,131273
Truck,1951,Red,55758
Van,1968,White,31584
Sedan,1989,Black,99275
Sedan,1967,Charcoal,33985
Truck,1995,Red,112459
Sedan,2008,Black,151658
Van,2018,Grey,6075
Muscle,2013,White,130927
Van,1989,Black,121380
Sedan,2009,Grey,73776
Sedan,1992,Blue,183402
Muscle,1998,Charcoal,194790
Muscle,2000,Red,154746
Sedan,1995,White,135351
Truck,1987,White,194029
Truck,1978,Grey,70459
Sedan,1994,Black,235547
Sedan,1996,Blue,156023
Muscle,1988,Blue,19272
Sedan,1986,Grey,176968
Muscle,2003,Black,212787
Sedan,1963,Black,69019
Sedan,2013,Red,79256
Van,2010,Red,49505
Sedan,1984,Blue,208027
Muscle,1973,Black,155042
Truck,2022,White,136981
Muscle,1997,Black,46444
Muscle,2011,Red,8213
Van,1958,Red,3708
Sedan,2017,Charcoal,211165
Truck,1976,White,96432
Muscle,2003,Red,29795
Van,1950,Red,77517
Sedan,2011,Red,122891
Sedan,1989,Blue,110499
Sedan,2005,Red,229137
Muscle,1992,Blue,3366
Van,1959,Grey,51025
Sedan,2001,Charcoal,184216
Sedan,2014,Red,84213
Truck,1982,Grey,216596
Sedan,2005,Red,221441
Muscle,1971,Blue,214890
Van,1983,Black,22593
Van,1988,Grey,82586
Sedan,1960,Grey,105020
Truck,1983,Blue,58800
Sedan,1959,Grey,170716
Sedan,1977,Blue,120880
Truck,1960,White,249449
Van,1955,Red,103469
Sedan,1959,Grey,49458
Muscle,1954,Black,206854
Sedan,2010,Red,119804
Sedan,1990,White,129974
Van,1982,Charcoal,90986
Sedan,1950,Blue,125923
Sedan,1963,Red,72922
Sedan,2009,White,90303
Van,1976,Red,101895
Sedan,1970,White,105288
Van,1991,Black,90563
Van,1957,White,174738
Sedan,2014,Black,47643
Sedan,2021,Red,198221
Sedan,1969,Red,146361
Sedan,1952,Charcoal,44292
Truck,1990,Red,33273
Sedan,1957,Blue,145887
Sedan,1998,Red,81565
Truck,1975,Black,103171
Muscle,1957,Blue,105419
Van,1977,Grey,91709
Muscle,1992,White,114567
Muscle,1951,White,186288
Sedan,1992,Black,608
Van,1994,Grey,23271
Sedan,1961,Charcoal,109221
Van,1950,Red,36804
Van,1964,Red,214844
Van,1955,Charcoal,66755
Truck,2021,Black,226949
Van,1970,White,198716
Truck,2005,White,19489
Muscle,1978,Red,8928
Muscle,2005,Grey,87640
Sedan,2003,Blue,199484
Truck,2006,Grey,48425
Sedan,1976,White,171655
Sedan,1960,Charcoal,64331
Truck,1957,Red,147691
Truck,1953,White,81512
Muscle,1975,Grey,13959
Sedan,1961,White,86687
Van,2018,Blue,120749
Van,1962,Red,149330
Truck,2001,Black,86622
Sedan,2011,Black,78258
Truck,1987,Red,217638
Muscle,1977,Black,84212
Sedan,1993,Charcoal,214318
Muscle,1981,Charcoal,152538
Muscle,2007,Blue,151691
Van,1961,Grey,142567
Muscle,2017,Charcoal,30288
Truck,2000,Charcoal,192801
Muscle,1978,Red,8411
Truck,1982,Blue,73492
Muscle,2001,Charcoal,238558
Van,2014,Grey,190736
Sedan,1986,Charcoal,43331
Muscle,1991,Black,8669
Van,1983,Red,228691
Muscle,2016,Grey,218866
Van,2016,Grey,144913
Truck,1993,Charcoal,48558
Van,1960,Red,168079
Van,2020,Blue,161753
Sedan,2012,Blue,87483
Truck,1988,Charcoal,169872
Truck,1950,White,196775
Muscle,1985,White,81000
Van,1960,Grey,199212
Muscle,2022,Red,79348
Muscle,1951,Red,99865
Truck,1989,Red,89037
Truck,2019,Charcoal,70127
Van,1995,Charcoal,138799
Sedan,1972,Blue,82379
Sedan,1988,Blue,106697
Sedan,2022,Black,175167
Sedan,1953,Red,236465
Muscle,1951,Grey,21735
Muscle,1977,White,129579
Muscle,1970,White,37276
Van,1989,Grey,229642
Muscle,1970,Charcoal,72735
Sedan,2018,Blue,128205
Sedan,1974,White,55538
Sedan,1961,Grey,83610
Sedan,1993,Blue,83
Sedan,2017,Charcoal,206963
Truck,2019,Grey,123346
Muscle,2008,White,81842
Truck,1973,Charcoal,113459
Van,1962,Blue,146834
Sedan,1978,Blue,161613
Truck,1989,Red,232509
Sedan,1987,Red,180121
Sedan,1968,Red,206923
Muscle,1966,Charcoal,192023
Muscle,2016,Charcoal,246270
Muscle,2017,Charcoal,190050
Van,1984,Red,59760
Truck,1981,Grey,75322
Sedan,1988,Grey,210350
Truck,1982,Red,98630
Muscle,1972,Blue,235405
Muscle,1973,Red,39639
Sedan,1993,Black,83911
Muscle,1987,Blue,171877
Truck,1960,Black,199333
Sedan,1995,Red,123859
Sedan,2012,Blue,139711
Truck,1953,Black,59195
Muscle,1982,Grey,189115
Sedan,1980,Grey,161030
Muscle,1974,Grey,227046
Sedan,1984,Grey,218679
Sedan,1968,Charcoal,184884
Truck,1965,Black,176801
Muscle,1986,Grey,230993
Truck,1956,Charcoal,69956
Sedan,1959,Red,138586
Sedan,2015,Red,77915
Truck,1970,Black,102930
Van,1991,Red,249559
Truck,1980,Blue,87031
Muscle,2013,Grey,5725
Muscle,1986,Charcoal,87353
Muscle,2018,Black,93850
Sedan,2019,Blue,23723
Van,2018,Red,229761
Sedan,1962,Charcoal,19978
Muscle,1985,Red,224473
Van,1950,Red,154486
Sedan,1982,Grey,206329
Sedan,1962,Charcoal,72133
Sedan,1971,Charcoal,111353
Truck,2011,Grey,161871
Truck,1967,Red,177153
Muscle,2004,Red,66441
Sedan,1998,White,238229
Sedan,1979,Black,103362
Muscle,2005,Black,183051
Sedan,1988,Red,238792
Sedan,1959,Red,245729
Van,1994,Red,68364
Truck,1952,White,117660
Truck,1967,Red,71596
Sedan,1980,Black,176981
Muscle,2004,Blue,218979
Sedan,2008,Red,196187
Sedan,2022,Blue,73340
Truck,2017,Grey,200768
Van,1996,Red,89583
Van,1982,Charcoal,214211
Muscle,1966,Blue,129419
Sedan,1967,Grey,187219
Sedan,2001,White,20171
Muscle,1960,Black,221512
Van,1970,Grey,49267
Truck,1956,Grey,11036
Muscle,2016,Blue,98515
Muscle,2014,White,235956
Van,1996,Blue,184772
Sedan,1977,White,207268
Muscle,1996,Blue,236092
Muscle,1989,Black,122398
Sedan,1997,Blue,244977
Sedan,1999,Red,104616
Van,1969,Charcoal,2810
Muscle,2018,Grey,11642
Muscle,1958,Blue,182082
Sedan,2003,Red,61280
Sedan,2017,Red,95523
Sedan,2015,Black,134431
Van,1967,Blue,23718
Muscle,1981,Grey,178350
Truck,2010,Red,65332
Van,1974,Charcoal,195478
Sedan,1986,Blue,26525
Sedan,2014,Black,115727
Truck,1998,Blue,178678
Sedan,1974,Red,162536
Truck,2009,Blue,26013
Truck,2014,Red,135589
Truck,2009,White,37222
Sedan,1966,Black,95507
Truck,2001,Black,107707
Muscle,1982,White,248396
Sedan,1983,Blue,81515
Truck,1999,Grey,140590
Sedan,2000,White,224593
Van,2013,Grey,86433
Van,1986,Black,103453
Sedan,2004,White,64470
Sedan,2003,Black,135843
Truck,1999,Charcoal,129887
Muscle,1989,Red,142534
Van,1952,Red,203544
Van,2016,Red,41830
Muscle,1967,White,160475
Truck,1984,Grey,140884
Sedan,2002,Blue,203183
Muscle,1951,Blue,40441
Van,1969,Red,67599
Muscle,1965,Charcoal,232092
Sedan,2003,Grey,172042
Sedan,1996,Red,29665
Muscle,2011,Blue,132047
Van,1957,Blue,38820
Van,2004,Charcoal,126399
Sedan,2016,Black,181484
Muscle,1985,Red,162232
Sedan,1978,Black,104206
Truck,1982,Blue,99541
Truck,2015,Black,112042
Sedan,1999,Red,107965
Van,1974,Red,82064
Muscle,1983,Red,41182
Sedan,1991,Black,123111
Muscle,1983,Charcoal,26776
Muscle,1985,Charcoal,60859
Sedan,1995,Blue,131927
Sedan,1983,Red,139840
Sedan,1980,Red,27768
Sedan,1993,White,146482
Van,1951,Charcoal,137771
Sedan,2019,White,219798
Muscle,2009,Grey,68009
Muscle,1991,Blue,178809
Truck,1959,Black,179638
Sedan,1955,White,8303
Van,1955,Red,226468
Van,1960,Charcoal,207050
Truck,2017,Red,42956
Van,1960,Grey,15041
Muscle,1983,Red,80487
Truck,1998,Red,98891
Van,1957,Blue,152280
Sedan,2009,White,86974
Sedan,1950,Blue,59791
Sedan,1984,Black,158417
Muscle,1953,Red,85942
Sedan,2017,Charcoal,202536
Truck,2001,Red,153041
Van,1981,Black,127831
Truck,1962,Grey,5749
Sedan,2010,Black,212123
Truck,1954,Black,91922
Van,1958,White,197959
Van,2012,Black,126717
Sedan,1990,Grey,149862
Van,1995,Grey,137772
Sedan,1951,Blue,152546
Muscle,2008,Grey,101846
Sedan,1971,White,241682
Muscle,1959,Black,95750
Van,1993,Red,21337
Sedan,2021,Black,196929
Sedan,2012,Blue,234662
Van,1991,Grey,181543
Sedan,1961,Charcoal,116954
Van,2020,Red,130403
Truck,1985,White,172676
Sedan,2007,Black,115610
Van,2000,Red,80553
Sedan,2020,White,203244
Van,1984,Red,243324
Sedan,1955,Black,69971
Van,1990,Red,61279
Sedan,1954,Red,93894
Muscle,1972,Red,71153
Sedan,1970,Charcoal,92528
Truck,2018,Black,154505
Truck,1972,Red,193226
Sedan,1986,Blue,82165
Muscle,2016,Blue,133927
Muscle,1984,Red,223860
Muscle,1950,Red,104559
Muscle,2020,Black,64617
Van,2003,Grey,51966
Muscle,1975,Black,232048
Muscle,2003,Black,183699
Van,1963,White,51109
Truck,1980,White,218527
Sedan,1999,Red,205455
Sedan,2000,Grey,244024
Van,2010,Black,146960
Sedan,1994,Grey,104066
Muscle,1979,Red,207545
Van,2002,Black,51616
Sedan,1957,Red,179873
Truck,1958,Red,214625
Sedan,1983,Grey,196048
Sedan,1995,Blue,235417
Sedan,1999,Blue,45893
Sedan,1982,White,6394
Truck,1974,Charcoal,138929
Sedan,1968,Red,237435
Sedan,1976,Charcoal,126645
Muscle,1988,Black,152808
Sedan,1954,Red,14158
Van,2008,Blue,177987
Van,1959,Red,152876
Muscle,2007,Charcoal,39183
Muscle,1991,Red,68256
Sedan,2013,Black,10979
Muscle,1965,Black,139267
Sedan,1970,White,109892
Sedan,1972,Charcoal,208643
Sedan,2011,Charcoal,94227
Sedan,1970,Red,15553
Truck,1977,White,193078
Van,1986,Blue,154763
Sedan,2017,Red,49814
Muscle,2010,White,78916
Sedan,1978,Grey,177912
Sedan,1981,Charcoal,223008
Muscle,1984,Blue,39490
Van,1998,Black,142681
Muscle,2001,Black,169381
Sedan,1984,White,120424
Truck,1959,Charcoal,80110
Van,1980,Black,6288
Sedan,2018,White,245622
Truck,1963,White,122211
Sedan,1956,Red,24109
Truck,1980,Blue,121564
Sedan,1995,Charcoal,192794
Muscle,1952,Charcoal,8008
Van,1971,Black,80017
Van,1981,Black,80276
Sedan,2010,Black,92484
Sedan,1969,Blue,131970
Sedan,2000,Blue,248016
Sedan,2004,Blue,47981
Van,1975,Grey,136662
Van,1980,Blue,1634
Sedan,1978,Black,45529
Muscle,1964,Charcoal,19156
Muscle,2014,Red,45164
Sedan,2015,Grey,240570
Truck,1951,White,147859
Muscle,1989,Red,18622
Muscle,2000,Blue,210721
Sedan,1971,Blue,59829
Van,2008,Red,68856
Sedan,2000,White,124262
Van,1969,Black,196526
Truck,2000,Red,113169
Van,2021,Red,6628
Sedan,1977,Red,186017
Van,1986,White,211339
Truck,2003,Red,111083
Sedan,2012,Red,229293
Muscle,1995,Red,116177
Sedan,2017,White,187128
Truck,2005,Grey,68604
Sedan,1969,Red,125765
Muscle,1997,Charcoal,125966
Muscle,1975,White,84259
Truck,1988,White,61908
Muscle,1994,Red,46586
Truck,2000,Blue,33406
Van,1991,Red,49212
Sedan,1959,Blue,118700
Muscle,1970,Grey,59790
Muscle,1953,Charcoal,17476
Muscle,1990,Black,49847
Muscle,1991,White,117392
Sedan,2009,Black,246808
Truck,1963,White,193561
Truck,1998,White,113203
Muscle,1973,Red,70073
Van,1969,Grey,163417
Van,1960,Blue,135186
Sedan,1975,Red,40835
Sedan,2001,Grey,164259
Muscle,1972,Charcoal,90720
Muscle,2007,Charcoal,217044
Truck,2009,Red,226698
Sedan,1966,White,188442
Muscle,2001,Charcoal,201174
Sedan,1983,White,154306
Sedan,1973,White,202561
Van,1997,White,216421
Truck,1979,White,14646
Muscle,1993,Charcoal,113228
Truck,1972,Grey,35965
Muscle,1964,Blue,175429
Sedan,2022,White,19522
Sedan,1989,Charcoal,18042
Muscle,1963,Charcoal,205719
Sedan,1971,Red,173039
Truck,2006,Blue,83839
Truck,1982,Charcoal,179137
Sedan,1950,Charcoal,79935
Sedan,1986,Grey,207871
Van,1971,Grey,31474
Truck,1979,Red,117530
Truck,2002,Grey,121600
Sedan,1958,Red,139077
Truck,1980,Charcoal,8352
Sedan,1985,Charcoal,210628
Sedan,1979,White,196694
Van,2009,Charcoal,39624
Truck,2005,Grey,13714
Van,1968,Blue,34270
Sedan,2021,Red,109837
Sedan,1950,Blue,58360
Truck,2017,Grey,221406
Truck,2021,Charcoal,26074
Truck,2019,Red,242483
Sedan,1965,Red,165871
Sedan,2011,Charcoal,216218
Sedan,1979,Grey,95055
Van,2001,Charcoal,168648
Truck,1965,Black,159130
Muscle,1953,Black,20259
Muscle,1971,Grey,52545
Van,1998,Charcoal,123184
Sedan,1964,Red,49928
Truck,1951,Blue,34370
Muscle,1981,Charcoal,239401
Sedan,1959,Red,197582
Sedan,1995,Blue,212102
Sedan,1982,Red,19577
Muscle,1974,White,224490
Truck,2020,Charcoal,138322
Van,1958,Blue,162549
Muscle,1996,Red,243584
Truck,1995,Charcoal,199483
Van,2015,White,122761
Truck,1962,White,101024
Muscle,2002,Charcoal,167301
Van,2021,White,194918
Truck,2004,Blue,137555
Van,2005,Charcoal,83736
Muscle,1957,Charcoal,46419
Sedan,1999,Grey,242566
Van,1966,Grey,84626
Van,2002,Black,205727
Sedan,1998,Charcoal,73016
Truck,2018,Grey,109079
Van,2001,Grey,239666
Sedan,1966,Charcoal,167043
Sedan,1968,Black,182205
Sedan,1993,Grey,225932
Truck,1983,White,188180
Muscle,2016,Red,97690
Sedan,2011,Red,148823
Van,2008,White,190647
Sedan,2020,Black,114065
Muscle,1955,Blue,16385
Van,1952,Red,99156
Muscle,2014,White,214316
Truck,2001,Red,65734
Sedan,1988,Charcoal,48090
Van,1970,Blue,62705
Van,1975,Red,140402
Van,2015,Grey,74774
Truck,1995,Blue,25340
Muscle,1976,Black,188991
Muscle,2022,Charcoal,159838
Sedan,2011,Red,2147
Truck,2013,Red,98360
Sedan,1992,Black,4397
Sedan,1958,Red,97410
Sedan,1963,Red,236927
Muscle,1998,White,228963
Muscle,1971,Red,84053
Muscle,2021,Grey,144431
Truck,2002,Grey,122576
Muscle,1996,Black,193249
Truck,1959,Red,13757
Truck,1963,Black,162704
Van,1963,Grey,235762
Van,1966,Blue,218085
Truck,1983,Grey,16932
Van,1981,Red,184775
Muscle,1993,Red,142714
Sedan,2006,Grey,126376
Sedan,1998,Red,121632
Sedan,1964,Red,235470
Van,1987,Red,8116
Muscle,2006,Black,116125
Sedan,1996,White,242576
Muscle,2000,White,99730
Muscle,2014,Black,181540
Sedan,2009,Grey,48285
Sedan,1951,Blue,53230
Sedan,2006,Red,161724
Truck,2012,Charcoal,136418
Muscle,1990,White,118393
Truck,2001,Blue,22918
Sedan,1967,Black,190264
Sedan,1957,Black,136557
Muscle,1976,Black,37004
Sedan,1960,Grey,243987
Van,2019,Grey,195496
Truck,1957,White,5185
Sedan,1962,Red,93901
Truck,2008,Blue,173992
Sedan,1978,Charcoal,231888
Muscle,1954,Grey,121542
Van,2008,Red,231104
Muscle,1981,Blue,167938
Sedan,1954,Red,22509
Sedan,1997,Red,20012
Van,1989,Grey,249665
Van,1998,White,175549
Sedan,1967,Red,29587
Sedan,1977,Red,216787
Sedan,1971,Red,25250
Sedan,1963,Red,228584
Sedan,2003,Red,96366
Van,2021,Red,139074
Van,2016,Grey,107514
Truck,1975,Blue,93183
Truck,2009,Red,35248
Sedan,1960,Charcoal,31843
Sedan,1954,White,78261
Sedan,1980,Red,212263
Muscle,1968,Charcoal,37225
Truck,1987,White,217111
Sedan,1972,Red,43396
Muscle,1956,Red,62945
Muscle,1989,Blue,27597
Truck,2016,Red,80765
Sedan,2009,Charcoal,133666
Sedan,2012,Red,54020
Muscle,1957,White,92986
Truck,2003,Blue,161928
Van,1957,Red,139187
Truck,1983,Red,88462
Van,2013,Blue,104629
Sedan,2012,Black,219857
Muscle,1990,Blue,152762
Muscle,1968,Charcoal,165972
Sedan,2003,Grey,162970
Truck,1981,Blue,153387
Truck,2017,Blue,96992
Sedan,2003,Red,150561
Muscle,1971,Charcoal,238536
Muscle,1973,Grey,147913
Truck,1990,Blue,10168
Sedan,2013,Red,78181
Truck,1997,Blue,134101
Sedan,1978,Blue,174904
Sedan,2003,Black,215959
Sedan,1996,Black,129382
Truck,1981,Blue,143143
Sedan,1984,White,218965
Muscle,1992,Grey,1884
Sedan,1972,Red,142021
Muscle,2003,Charcoal,29588
Sedan,1961,White,107437
Sedan,1965,Grey,181579
Sedan,1957,Black,39001
Sedan,1987,Red,203840
Sedan,1968,Red,67526
Sedan,1978,Red,165846
Muscle,1982,White,46051
Truck,2005,Grey,220106
Muscle,1960,Blue,135986
Van,1978,Black,167497
Sedan,1990,Red,74548
Truck,1955,Grey,220008
Truck,1998,Blue,46331
Truck,1985,Black,164984
Van,2008,Blue,144377
Truck,1964,Charcoal,197479
Sedan,1950,Black,218586
Truck,1986,Grey,249817
Sedan,1966,Black,221826
Muscle,2010,Grey,209957
Sedan,1959,White,226585
Sedan,1957,White,232776
Sedan,2022,Charcoal,97528
Truck,1974,Red,160860
Sedan,1961,Black,117799
Sedan,1958,Black,133908
Sedan,2011,Black,179432
Muscle,2016,Blue,28355
Truck,1970,Blue,210707
Sedan,1985,White,181310
Truck,1990,Red,75822
Muscle,1987,White,165414
Muscle,1998,Red,244709
Van,1983,White,193712
Van,1985,Blue,93371
Truck,1969,Red,46159
Truck,2014,Black,7571
Muscle,1971,White,221835
Sedan,2019,Charcoal,25235
Sedan,2000,Charcoal,83497
Sedan,1972,Red,65418
Sedan,1958,Black,73550
Sedan,2009,Blue,104183
Truck,1975,Red,143047
Sedan,1954,Blue,220254
Sedan,1981,Red,97820
Van,2011,Blue,245772
Sedan,1972,Red,128344
Truck,2018,Red,70036
Muscle,2008,Blue,102430
Sedan,1976,Grey,206555
Van,1953,Black,12351
Sedan,2007,Grey,46276
Sedan,1952,Red,30511
Van,1993,Blue,32334
Sedan,1967,Red,190242
Sedan,1951,Charcoal,54182
Truck,1992,Charcoal,20849
Muscle,1970,Red,171444
Truck,2012,Charcoal,28487
Muscle,1987,White,90347
Truck,1996,Grey,226986
Sedan,1956,Grey,128087
Sedan,1965,Red,235218
Truck,1989,Grey,212970
Van,1961,Red,20107
Truck,1964,Black,30694
Truck,1974,Black,176888
Sedan,1966,Grey,239613
Muscle,2004,Black,200716
Van,2002,Red,240334
Muscle,1970,Charcoal,16218
Van,1951,Charcoal,47508
Van,1985,White,94106
Sedan,1975,Grey,124158
Sedan,2005,Charcoal,46434
Truck,1994,Charcoal,101394
Muscle,1989,Grey,154614
Van,2001,Grey,118882
Sedan,2000,Black,96790
Truck,2015,White,83894
Truck,2004,Black,203663
Truck,1951,Red,209313
Sedan,1955,Red,134384
Muscle,1985,Charcoal,3435
Muscle,2017,Blue,176599
Van,1989,Blue,196911
Van,2012,Grey,187263
Van,1957,Red,154703
Muscle,1973,Charcoal,3313
Van,1961,Blue,133385
Sedan,1953,Red,213811
Truck,1993,Red,56643
Muscle,1998,Charcoal,247650
Sedan,2012,Black,44342
Sedan,2006,Red,43433
Truck,2015,Charcoal,242989
Van,1969,Black,130616
Sedan,1972,Red,67961
Sedan,2002,Blue,13527
Sedan,1986,Red,30340
Sedan,2020,Red,62361
Sedan,1977,Red,133712
Sedan,1983,Grey,177741
Truck,2019,Charcoal,138774
Truck,2015,Blue,57965
Muscle,2002,Blue,56114
Van,1956,White,210522
Sedan,2009,White,39999
Truck,1964,Blue,161999
Sedan,1967,White,168534
Muscle,2011,Grey,132956
Sedan,2000,Red,158044
Muscle,1995,Grey,6890
Sedan,2006,Red,122019
Sedan,1952,Grey,234890
Van,1999,Charcoal,47491
Muscle,2015,White,130062
Sedan,1986,Red,224174
Truck,2009,Grey,68355
Truck,2014,Red,174242
Truck,1959,Blue,174870
Muscle,1996,White,193074
Sedan,1984,Charcoal,137263
Truck,1981,Red,173831
Sedan,2020,Red,100332
Truck,2014,Blue,201217
Van,1984,Grey,158408
Truck,1983,Blue,212266
Truck,2000,Grey,24634
Sedan,1958,Charcoal,84517
Truck,2013,Blue,18743
Van,1995,Charcoal,74421
Sedan,1964,Grey,77436
Truck,2012,Red,91335
Sedan,2002,White,53957
Truck,1996,Red,104957
Sedan,2010,White,135968
Sedan,2016,White,46548
Sedan,2007,Black,23333
Muscle,1966,White,126792
Sedan,1953,Red,69901
Van,2013,Red,55659
Van,1957,Black,155898
Truck,1965,Blue,212099
Muscle,1960,Red,120026
Sedan,2012,White,123944
Truck,2019,Red,142867
Muscle,1951,Grey,180852
Van,1992,Black,35707
Sedan,2016,Grey,65644
Muscle,2006,Black,201365
Sedan,1962,Grey,201907
Sedan,1984,Grey,96133
Van,2004,Charcoal,78184
Van,1975,Red,84446
Truck,1978,Black,121625
Van,2001,Black,140351
Sedan,1966,Red,106444
Truck,2016,Charcoal,162406
Sedan,1990,Charcoal,145028
Muscle,1964,Red,231094
Sedan,1955,Blue,122062
Muscle,1999,White,200366
Sedan,1969,Red,244502
Muscle,2002,Charcoal,77397
Sedan,1977,Black,192776
Van,1962,Blue,207171
Sedan,1983,Charcoal,171031
Truck,2019,Blue,90997
Muscle,1972,Black,216809
Muscle,1952,Red,230550
Sedan,1973,Black,192978
Sedan,1952,Black,201534
Van,1991,Charcoal,197290
Muscle,1992,Blue,223590
Van,1984,White,187401
Truck,1979,Charcoal,55524
Sedan,1964,Red,181714
Sedan,2012,Grey,107480
Sedan,1980,Blue,208903
Truck,1958,Blue,224137
Sedan,1952,Grey,241443
Sedan,1986,Blue,155556
Muscle,1964,Charcoal,161033
Muscle,1980,Charcoal,44755
Muscle,1985,Blue,116241
Truck,1954,Charcoal,73630
Truck,1976,Red,195218
Van,2010,White,221319
Sedan,2022,Charcoal,148859
Sedan,1952,Black,151607
Muscle,1958,Blue,212231
Sedan,1981,Red,58474
Sedan,2007,Black,134646
Van,1987,Grey,111395
Sedan,2011,Blue,91208
Sedan,2009,Grey,204488
Sedan,1985,Grey,211208
Truck,1986,Red,26104
Sedan,1998,Charcoal,21195
Truck,1952,Red,27978
Muscle,2003,White,163101
Van,2002,Blue,185527
Van,1994,Charcoal,60240
Sedan,1973,Charcoal,3406
Van,2008,Blue,16567
Van,1969,Red,32919
Van,1993,Black,47019
Sedan,2013,White,230383
Sedan,1975,Grey,49308
Truck,2000,Red,48060
Muscle,1952,Charcoal,240009
Van,1963,White,211744
Van,2018,Grey,90296
Truck,2011,Red,201610
Sedan,1985,Red,59186
Sedan,2003,Charcoal,15429
Van,2006,Red,234625
Truck,1965,Grey,105748
Sedan,2001,Black,55282
Van,1951,Red,195138
Sedan,1974,Black,98402
Truck,1957,Red,236108
Sedan,2001,Red,231560
Truck,2019,Black,94788
Truck,1955,White,238676
Van,1963,Charcoal,99994
Sedan,1983,White,93143
Muscle,2005,White,161749
Muscle,2022,Charcoal,113409
Sedan,2018,Black,225895
Sedan,1978,Grey,48879
Truck,1951,Charcoal,143873
Muscle,1982,Red,206479
Sedan,1979,Red,99280
Muscle,1991,Charcoal,40737
Sedan,1978,White,45314
Sedan,1998,Black,192731
Sedan,2021,Red,169689
Sedan,2008,Black,25754
Sedan,1980,Grey,216137
Truck,1993,Charcoal,18059
Sedan,1977,Blue,54103
Sedan,1967,Black,185512
Muscle,2019,Charcoal,200710
Sedan,1981,Black,19535
Muscle,2000,Charcoal,61620
Van,2021,Black,238159
Sedan,2005,Red,219890
Truck,1981,Blue,210569
Muscle,1995,Grey,164402
Truck,1968,Red,227966
Sedan,2004,Blue,162002
Truck,1984,Grey,106116
Truck,2001,Red,39921
Sedan,1985,Red,167426
Muscle,1964,Charcoal,207597
Truck,2013,Grey,212912
Sedan,2021,Black,59492
Van,2022,Charcoal,156889
Truck,2013,White,213007
Sedan,1951,Charcoal,59762
Van,1973,Grey,98097
Truck,1991,Red,106740
Truck,2020,Grey,227688
Van,1956,Blue,142855
Sedan,1978,White,40495
Van,1997,Grey,187109
Van,2019,Grey,20348
Muscle,2004,Black,161125
Van,1973,Grey,108620
Sedan,1983,Black,130132
Van,1972,Red,238867
Sedan,2012,Grey,166651
Truck,2008,Black,135273
Truck,1996,Black,9735
Sedan,1957,Grey,79009
Sedan,1964,Charcoal,5091
Truck,1955,Charcoal,159100
Muscle,2018,Red,123973
Van,1990,Grey,86915
Van,1965,Charcoal,171161
